nom,code_postal,population,latitude,longitude,altitude,id_ville
Ahuy,21121,1695,47.36917,5.02139,290,1
Aiserey,21110,1489,47.17278,5.16278,197,2
Arc-sur-Tille,21560,2590,47.34417,5.19028,220,3
Arnay-le-Duc,21230,1355,47.1325,4.49,360,4
Asnières-lès-Dijon,21380,1320,47.38611,5.04389,330,5
Auxonne,21130,7592,47.19417,5.38833,185,6
Beaune,21200,20233,47.02417,4.84028,220,7
Belleneuve,21310,1575,47.35472,5.28139,200,8
Bligny-lès-Beaune,21200,1273,46.98306,4.82639,215,9
Brazey-en-Plaine,21470,2425,47.135,5.21694,184,10
Bressey-sur-Tille,21560,1110,47.31,5.18194,212,11
Châtillon-sur-Seine,21400,5404,47.85917,4.57444,230,12
Chenôve,21300,14299,47.29611,5.01444,280,13
Chevigny-Saint-Sauveur,21800,10895,47.30222,5.13556,215,14
Collonges et Premières,21110,1067,47.22528,5.26722,195,15
Couchey,21160,1108,47.26028,4.97944,290,16
Couternon,21560,1903,47.33417,5.15111,217,17
Daix,21121,1520,47.35278,4.99861,340,18
Dijon [4],21000,159941,47.3225,5.03556,245,19
Fénay,21600,1724,47.23306,5.06361,230,20
Fleurey-sur-Ouche,21410,1498,47.31139,4.85917,280,21
Fontaine-lès-Dijon,21121,9032,47.34444,5.01917,300,22
Genlis,21110,5125,47.24139,5.22056,199,23
Gevrey-Chambertin,21220,2983,47.22583,4.96861,280,24
Hauteville-lès-Dijon,21121,1206,47.365,4.995,390,25
Is-sur-Tille,21120,4308,47.52361,5.11278,280,26
Labergement-lès-Seurre,21820,1012,46.99472,5.09194,200,27
Ladoix-Serrigny,21550,1783,47.06528,4.88833,215,28
Lamarche-sur-Saône,21760,1375,47.27,5.38556,190,29
Longchamp,21110,1168,47.26,5.28806,205,30
Longeault-Pluvault,21110,1154,47.21944,5.25167,195,31
Longecourt-en-Plaine,21110,1185,47.2,5.15056,202,32
Longvic,21600,8787,47.285,5.06306,226,33
Losne,21170,1712,47.09861,5.26389,180,34
Marcilly-sur-Tille,21120,1734,47.51944,5.13278,280,35
Marsannay-la-Côte,21160,5440,47.26889,4.98944,271,36
Messigny-et-Vantoux,21380,1694,47.40639,5.01778,310,37
Meursault,21190,1376,46.97583,4.77389,240,38
Mirebeau-sur-Bèze,21310,1937,47.39917,5.31833,200,39
Montbard,21500,4751,47.62583,4.34139,211,40
Neuilly-Crimolois,21800,3430,47.28083,5.10583,225,41
Noiron-sous-Gevrey,21910,1143,47.19444,5.07889,210,42
Nolay,21340,1419,46.95056,4.63528,330,43
Nuits-Saint-Georges,21700,5263,47.13722,4.95111,244,44
Ouges,21600,1505,47.26194,5.07583,220,45
Perrigny-lès-Dijon,21160,2321,47.26556,5.00611,253,46
Plombières-lès-Dijon,21370,2508,47.34195,4.97083,270,47
Pontailler-sur-Saône,21270,1285,47.305,5.41333,200,48
Pouilly-en-Auxois,21320,1554,47.2625,4.55528,400,49
Quetigny,21800,8897,47.315,5.115,220,50
Rouvres-en-Plaine,21110,1254,47.23667,5.14306,206,51
Ruffey-lès-Echirey,21490,1404,47.36778,5.08083,240,52
Saint-Apollinaire,21850,7517,47.33389,5.08333,250,53
Saint-Jean-de-Losne,21170,1001,47.10361,5.26722,180,54
Saint-Julien,21490,1749,47.40194,5.1425,235,55
Saint-Usage,21170,1330,47.10972,5.26167,185,56
Saulieu,21210,2269,47.2825,4.23139,540,57
Saulon-la-Chapelle,21910,1030,47.21611,5.08861,208,58
Savigny-lès-Beaune,21420,1300,47.06222,4.81889,268,59
Selongey,21260,2394,47.58861,5.18472,300,60
Semur-en-Auxois,21140,4027,47.49306,4.33139,280,61
Sennecey-lès-Dijon,21800,2125,47.29222,5.10167,225,62
Seurre,21250,2336,46.99556,5.14639,180,63
Talant,21240,11986,47.33583,5.00361,360,64
Tart,21110,1533,47.20472,5.20611,231,65
Thorey-en-Plaine,21110,1134,47.21583,5.13389,204,66
Til-Châtel,21120,1136,47.51833,5.17611,280,67
Varois-et-Chaignot,21490,2068,47.34945,5.12667,230,68
Velars-sur-Ouche,21370,1829,47.32028,4.9025,290,69
Venarey-les-Laumes,21150,2758,47.54333,4.45778,240,70
Villers-les-Pots,21130,1206,47.21139,5.355,200,71
Vitteaux,21350,1056,47.3975,4.54139,323,72
Abbévillers,25310,1099,47.43167,6.91944,560,73
Arc-et-Senans,25610,1621,47.03667,5.78833,243,74
Arcey,25750,1491,47.52056,6.6575,374,75
Audincourt,25400,14009,47.47778,6.84139,322,76
Avanne-Aveney,25720,2237,47.20167,5.96583,250,77
Bart,25420,2015,47.49306,6.77056,314,78
Baume-les-Dames,25110,5064,47.35444,6.36056,280,79
Bavans,25550,3566,47.48306,6.72944,330,80
Besançon [4],25000,120057,47.24528,6.02583,261,81
Bethoncourt,25200,5288,47.53417,6.80056,354,82
Beure,25720,1342,47.20778,6.00472,250,83
Blamont,25310,1236,47.38445,6.8525,548,84
Bonnétage,25210,1001,47.19944,6.70333,896,85
Bouclans,25360,1057,47.24833,6.23639,439,86
Boussières,25320,1200,47.15694,5.90083,270,87
Chaffois,25300,1032,46.91389,6.26833,850,88
Chalezeule,25220,1326,47.25945,6.07528,250,89
Charquemont,25140,2867,47.21389,6.82306,870,90
Châtillon-le-Duc,25870,2025,47.30778,6.00667,300,91
Chemaudin et Vaux,25320,2114,47.22472,5.89056,300,92
la Cluse-et-Mijoux,25300,1317,46.87806,6.37444,850,93
Colombier-Fontaine,25260,1215,47.45222,6.69194,310,94
Courcelles-lès-Montbéliard,25420,1387,47.5025,6.77667,310,95
Cussey-sur-l'Ognon,25870,1049,47.33917,5.93889,210,96
Dampierre-les-Bois,25490,1565,47.50778,6.91139,370,97
Damprichard,25450,1825,47.24583,6.88194,812,98
Dannemarie-sur-Crète,25410,1503,47.20667,5.86472,286,99
Dasle,25230,1370,47.47889,6.89611,390,100
Devecey,25870,1314,47.325,6.01667,230,101
Doubs,25300,3309,46.92805,6.35083,810,102
École-Valentin,25480,2620,47.27111,5.98111,317,103
Étalans,25580,1648,47.15028,6.26889,590,104
Étupes,25460,3711,47.50806,6.86417,340,105
Exincourt,25400,3273,47.50083,6.83861,333,106
Fesches-le-Châtel,25490,2147,47.52361,6.89778,340,107
les Fins,25500,3062,47.07833,6.62917,850,108
Fontain,25660,1200,47.19861,6.025,445,109
les Fourgs,25300,1429,46.835,6.40111,1080,110
Franois,25770,2250,47.23389,5.92444,294,111
Frasne,25560,1958,46.85556,6.15972,850,112
Geneuille,25870,1264,47.32361,5.97139,220,113
Gilley,25650,1805,47.04889,6.48,890,114
Grand'Combe-Châteleu,25570,1507,47.02722,6.56861,770,115
Grand-Charmont,25200,5865,47.52611,6.825,340,116
Grandfontaine,25320,1810,47.19861,5.90028,240,117
Granges-Narboz,25300,1355,46.87917,6.31,840,118
Hérimoncourt,25310,3530,47.44305,6.88167,361,119
Houtaud,25300,1197,46.91583,6.30917,810,120
l'Isle-sur-le-Doubs,25250,2812,47.44695,6.58583,296,121
Jougne,25370,1915,46.76194,6.39083,1001,122
Labergement-Sainte-Marie,25160,1257,46.77639,6.28444,860,123
Les Auxons,25870,2522,47.30111,5.97222,260,124
Levier,25270,2345,46.95361,6.11583,720,125
Maîche,25120,4226,47.25306,6.80222,790,126
Mamirolle,25620,1974,47.19722,6.16139,480,127
Mandeure,25350,4672,47.45194,6.80667,335,128
Marchaux-Chaudefontaine,25640,1429,47.32472,6.13444,297,129
Mathay,25700,2131,47.43722,6.78472,335,130
Métabief,25370,1395,46.77333,6.34889,950,131
Miserey-Salines,25480,2660,47.28305,5.97,300,132
Montbéliard,25200,25516,47.51194,6.8,330,133
Montenois,25260,1394,47.49417,6.66583,410,134
Montfaucon,25660,1608,47.23583,6.08056,490,135
Montferrand-le-Château,25320,2191,47.17805,5.92444,290,136
Montlebon,25500,2227,47.03917,6.61278,800,137
Morre,25660,1321,47.22528,6.06417,300,138
Morteau,25500,6905,47.0575,6.60222,760,139
Mouthe,25240,1025,46.71056,6.19194,938,140
Nancray,25360,1300,47.24556,6.18306,410,141
Nommay,25600,1601,47.53917,6.8475,330,142
Novillars,25220,1345,47.28861,6.13167,260,143
Orchamps-Vennes,25390,2180,47.13167,6.525,750,144
Ornans,25290,4421,47.10556,6.1425,345,145
Pays-de-Clerval,25340,1161,47.39389,6.49944,290,146
Pays-de-Montbenoît,25650,1914,46.99222,6.46139,800,147
Pelousey,25170,1588,47.27611,5.92139,242,148
Pierrefontaine-les-Varans,25510,1361,47.21528,6.54056,700,149
Pirey,25480,2179,47.26278,5.96667,300,150
Pont-de-Roide,25150,3971,47.38556,6.77139,350,151
Pontarlier,25300,17928,46.905,6.35528,840,152
Pouilley-les-Vignes,25115,2162,47.25694,5.93556,240,153
Les Premiers Sapins,25580,1576,47.09555,6.34028,710,154
Quingey,25440,1313,47.10333,5.88083,265,155
Roche-lez-Beaupré,25220,2185,47.27611,6.11417,250,156
Rougemont,25680,1012,47.47944,6.35722,255,157
Roulans,25640,1122,47.31694,6.22972,360,158
le Russey,25210,2546,47.16306,6.72889,880,159
Saint-Vit,25410,5059,47.18167,5.81139,257,160
Sainte-Suzanne,25630,1461,47.50555,6.76972,320,161
Sancey,25430,1364,47.29472,6.58333,500,162
Saône,25660,3142,47.22472,6.11694,390,163
Seloncourt,25230,5812,47.46222,6.86056,345,164
Serre-les-Sapins,25770,1921,47.24194,5.92806,300,165
Sochaux,25600,3772,47.51639,6.83056,320,166
Taillecourt,25400,1132,47.4975,6.85194,340,167
Tarcenay-Foucherans,25620,1498,47.15611,6.11028,492,168
Thise,25220,2990,47.28472,6.08056,280,169
Torpes,25320,1004,47.16945,5.89139,250,170
Val-d'Usiers,25520,2128,46.95972,6.26833,750,171
Valdahon,25800,5715,47.1475,6.34611,650,172
Valentigney,25700,10624,47.4675,6.83333,326,173
Vercel-Villedieu-le-Camp,25530,1732,47.18389,6.39917,650,174
Vieux-Charmont,25600,2829,47.52417,6.83972,330,175
Villers-le-Lac,25130,5248,47.06111,6.66972,780,176
Voujeaucourt,25420,3152,47.475,6.77417,317,177
Arbois,39600,3146,46.90055,5.77278,292,178
Arinthod,39240,1149,46.39333,5.56583,450,179
Arlay,39140,1184,46.75889,5.52917,222,180
Beaufort-Orbagna,39190,1466,46.5725,5.43806,250,181
Bletterans,39140,1530,46.74472,5.45111,203,182
Bois-d'Amont,39220,1695,46.53417,6.14056,1073,183
Champagnole,39300,8035,46.74389,5.90806,540,184
Champvans,39100,1460,47.10472,5.4375,230,185
Chassal-Molinges,39360,1120,46.35333,5.76333,360,186
Chaussin,39120,1576,46.96583,5.405,188,187
Choisey,39100,1002,47.06306,5.46111,200,188
Clairvaux-les-Lacs,39130,1428,46.57417,5.7475,540,189
Coteaux du Lizon,39170,2146,46.39778,5.78861,582,190
Courlaoux,39570,1179,46.66556,5.46111,220,191
Cousance,39190,1290,46.52833,5.39,230,192
Damparis,39500,2590,47.07361,5.41194,200,193
Dampierre,39700,1316,47.155,5.74139,240,194
le Deschaux,39120,1030,46.9475,5.50167,225,195
Dole,39100,23784,47.09167,5.49639,225,196
Domblans,39210,1195,46.76278,5.59972,255,197
Foncine-le-Haut,39460,1107,46.65917,6.07556,860,198
Foucherans,39100,2286,47.08055,5.45472,212,199
Fraisans,39700,1170,47.14917,5.76111,220,200
Hauts-de-Bienne,39400,5099,46.515,6.025,750,201
Lavans-lès-Saint-Claude,39170,2342,46.38361,5.78028,520,202
Longchaumois,39400,1133,46.46139,5.93083,884,203
Lons-le-Saunier [3],39000,16942,46.6725,5.55222,267,204
Macornay,39570,1027,46.64444,5.53944,280,205
Moirans-en-Montagne,39260,2121,46.42972,5.72278,630,206
Mont-sous-Vaudrey,39380,1302,46.97944,5.60056,215,207
Montmorot,39570,3207,46.67694,5.52833,260,208
Morbier,39400,2371,46.53472,6.01694,910,209
Mouchard,39330,1094,46.975,5.79361,281,210
Orchamps,39700,1048,47.14917,5.66083,240,211
Orgelet,39270,1571,46.5225,5.61028,500,212
Parcey,39100,1023,47.02278,5.48417,199,213
Perrigny,39570,1535,46.66833,5.58278,310,214
Petit-Noir,39120,1063,46.93444,5.33944,185,215
Poligny,39800,4089,46.83444,5.7075,347,216
Prémanon,39220,1244,46.46167,6.03083,1120,217
les Rousses,39220,3702,46.485,6.06056,1100,218
Saint-Amour,39160,2364,46.43583,5.34083,225,219
Saint-Aubin,39410,1855,47.03361,5.33028,188,220
Saint-Claude,39200,8556,46.38806,5.86361,434,221
Saint-Laurent-en-Grandvaux,39150,1818,46.575,5.95167,900,222
Salins-les-Bains,39110,2430,46.94083,5.87778,357,223
Sampans,39100,1114,47.12639,5.45556,220,224
Tavaux,39500,3926,47.03389,5.40361,193,225
Val-Sonnette,39190,1309,46.59889,5.47833,230,226
Cercy-la-Tour,58340,1683,46.87028,3.64417,200,227
Challuy,58000,1468,46.94917,3.14833,198,228
Chantenay-Saint-Imbert,58240,1090,46.73306,3.18417,220,229
la Charité-sur-Loire,58400,4701,47.17889,3.01917,170,230
Château-Chinon (Ville),58120,1857,47.065,3.93389,534,231
Chaulgnes,58400,1503,47.13028,3.10528,224,232
Clamecy,58500,3597,47.45861,3.51889,150,233
Corbigny,58800,1330,47.25667,3.68472,200,234
Cosne-Cours-sur-Loire,58200,9786,47.40917,2.92333,150,235
Coulanges-lès-Nevers,58660,3678,47.00555,3.18917,192,236
Decize,58300,5025,46.82778,3.45361,193,237
Donzy,58220,1542,47.37083,3.12444,182,238
Dornes,58390,1458,46.71556,3.35389,220,239
Fourchambault,58600,4019,47.02139,3.08306,173,240
Garchizy,58600,3666,47.04694,3.09611,210,241
Guérigny,58130,2512,47.09028,3.19778,210,242
Imphy,58160,3175,46.92861,3.265,200,243
Lormes,58140,1259,47.29028,3.81833,430,244
Luzy,58170,1983,46.78889,3.97139,227,245
la Machine,58260,3213,46.89056,3.46667,260,246
Magny-Cours,58470,1417,46.88417,3.15139,209,247
Marzy,58180,3650,46.98056,3.08944,190,248
Moulins-Engilbert,58290,1354,46.98778,3.81167,224,249
Neuvy-sur-Loire,58450,1428,47.52222,2.88389,140,250
Nevers [3],58000,33172,46.99445,3.15556,201,251
Pougues-les-Eaux,58320,2388,47.07417,3.10278,202,252
Pouilly-sur-Loire,58150,1623,47.28305,2.95861,160,253
Prémery,58700,1782,47.17222,3.33083,240,254
Saint-Amand-en-Puisaye,58310,1211,47.52806,3.07444,180,255
Saint-Benin-d'Azy,58270,1257,46.9975,3.39333,250,256
Saint-Éloi,58000,2220,46.97306,3.22333,190,257
Saint-Léger-des-Vignes,58300,1669,46.84306,3.45472,210,258
Saint-Parize-le-Châtel,58490,1216,46.85444,3.18278,231,259
Saint-Père,58200,1047,47.41167,2.9625,161,260
Saint-Pierre-le-Moûtier,58240,1828,46.79389,3.11861,232,261
Sauvigny-les-Bois,58160,1413,46.96528,3.275,210,262
Sermoise-sur-Loire,58000,1490,46.95083,3.18611,193,263
Urzy,58130,1735,47.04778,3.20417,190,264
Varennes-Vauzelles,58640,9166,47.0125,3.13917,199,265
Varzy,58210,1066,47.35889,3.38833,225,266
Aillevillers-et-Lyaumont,70320,1440,47.91972,6.33278,290,267
Arc-lès-Gray,70100,2410,47.45861,5.58028,200,268
Châlonvillars,70400,1253,47.64,6.78444,380,269
Champagney,70290,3674,47.70583,6.68306,369,270
Champlitte,70600,1601,47.61667,5.51056,220,271
Corbenay,70320,1249,47.89056,6.32833,265,272
Dampierre-sur-Salon,70180,1248,47.55778,5.68139,203,273
Échenoz-la-Méline,70000,3187,47.6025,6.13694,250,274
Fontaine-lès-Luxeuil,70800,1329,47.85833,6.33444,260,275
Fougerolles-Saint-Valbert,70220,3777,47.88639,6.40611,310,276
Frahier-et-Chatebier,70400,1377,47.65889,6.74833,370,277
Froideconche,70300,1974,47.81944,6.41472,300,278
Frotey-lès-Vesoul,70000,1367,47.6225,6.18389,240,279
Gray,70100,5455,47.44639,5.59083,200,280
Gy,70700,1030,47.40611,5.8125,240,281
Héricourt,70400,10525,47.57417,6.75694,350,282
Jussey,70500,1550,47.82583,5.90139,215,283
Lure,70200,7912,47.6825,6.49806,295,284
Luxeuil-les-Bains,70300,6674,47.8175,6.38139,290,285
Magny-Vernois,70200,1361,47.67083,6.47417,290,286
Marnay,70150,1527,47.28944,5.77167,220,287
Mélisey,70270,1643,47.75361,6.58194,328,288
Navenne,70000,1591,47.60778,6.16361,280,289
Noidans-lès-Vesoul,70000,1979,47.61444,6.12389,229,290
Pesmes,70140,1082,47.27889,5.56389,210,291
Plancher-Bas,70290,1855,47.72111,6.73139,428,292
Port-sur-Saône,70170,2966,47.68889,6.04667,220,293
Pusey,70000,1437,47.65389,6.12528,230,294
Quincey,70000,1359,47.61056,6.185,250,295
Rioz,70190,2432,47.42528,6.07028,270,296
Ronchamp,70250,2745,47.69944,6.63639,350,297
Roye,70200,1486,47.66945,6.54194,300,298
Saint-Barthélemy,70270,1091,47.75,6.58778,330,299
Saint-Germain,70200,1369,47.71667,6.52333,317,300
Saint-Loup-sur-Semouse,70800,2842,47.88639,6.27306,250,301
Saint-Sauveur,70300,1929,47.80333,6.38361,283,302
Scey-sur-Saône-et-Saint-Albin,70360,1528,47.66583,5.97194,210,303
Vaivre-et-Montoille,70000,2436,47.63083,6.10417,220,304
Vesoul [3],70000,15306,47.62083,6.15806,220,305
Villersexel,70110,1425,47.55139,6.43444,280,306
l'Abergement-Sainte-Colombe,71370,1235,46.75361,5.0075,196,307
Allériot,71380,1162,46.81472,4.94611,190,308
Autun,71400,13144,46.95194,4.30222,312,309
Azé,71260,1082,46.43,4.76139,240,310
Baudrières,71370,1007,46.67417,5.01194,197,311
Blanzy,71450,5983,46.70278,4.38472,301,312
Bourbon-Lancy,71140,4656,46.62222,3.77417,250,313
Branges,71500,2372,46.64139,5.18,185,314
le Breuil,71670,3508,46.79528,4.48417,330,315
Buxy,71390,2155,46.7125,4.69444,250,316
Chagny,71150,5402,46.90972,4.75472,210,317
Chalon-sur-Saône,71100,44592,46.78611,4.84972,178,318
Champforgeuil,71530,2616,46.82,4.83583,185,319
la Chapelle-de-Guinchay,71570,4038,46.21028,4.755,200,320
Charnay-lès-Mâcon,71850,8154,46.30944,4.78611,272,321
Charolles,71120,2789,46.43472,4.27556,290,322
Châtenoy-en-Bresse,71380,1098,46.79222,4.91361,191,323
Châtenoy-le-Royal,71880,6205,46.79083,4.81194,200,324
Chaudenay,71150,1124,46.91389,4.79389,205,325
Chauffailles,71170,3656,46.20667,4.34,386,326
Ciry-le-Noble,71420,2213,46.60583,4.29889,280,327
la Clayette,71800,1596,46.29,4.3075,400,328
Cluny,71250,4980,46.43306,4.65944,250,329
Couches,71490,1211,46.86945,4.57278,320,330
Crêches-sur-Saône,71680,3179,46.24417,4.78778,188,331
le Creusot,71200,20536,46.79722,4.42528,354,332
Crissey,71530,2473,46.8175,4.88306,185,333
Cuiseaux,71480,1853,46.49389,5.38722,276,334
Cuisery,71290,1580,46.55722,4.99806,200,335
Curgy,71400,1100,46.98444,4.38472,350,336
Demigny,71150,1769,46.92694,4.83583,200,337
Digoin,71160,7380,46.48472,3.98417,230,338
Dracy-le-Fort,71640,1471,46.79833,4.7625,212,339
Écuisses,71210,1624,46.75611,4.53833,350,340
Épervans,71380,1642,46.75389,4.89917,187,341
Épinac,71360,2150,46.99194,4.51139,350,342
Étang-sur-Arroux,71190,1788,46.86694,4.18528,275,343
Fontaines,71150,1845,46.85,4.77333,195,344
Fragnes-la-Loyère,71530,1434,46.83472,4.84583,185,345
Génelard,71420,1407,46.58111,4.23333,267,346
Gergy,71590,2569,46.87528,4.9475,182,347
Givry,71640,3623,46.78278,4.74361,220,348
Gueugnon,71130,6547,46.60306,4.05778,244,349
Hurigny,71870,1908,46.34806,4.79639,300,350
Iguerande,71340,1001,46.20778,4.07722,271,351
Laizé,71870,1135,46.39417,4.80583,220,352
Louhans,71500,6483,46.62722,5.22389,180,353
Lux,71100,1902,46.75361,4.85583,186,354
Mâcon [3],71000,34759,46.30833,4.83139,190,355
Marcigny,71110,1711,46.27444,4.03972,260,356
Marmagne,71710,1276,46.83667,4.36083,320,357
Matour,71520,1159,46.30583,4.48278,430,358
Mellecey,71640,1311,46.81083,4.72972,210,359
Mercurey,71640,1217,46.83917,4.72139,260,360
Mervans,71310,1488,46.79972,5.18833,185,361
Montceau-les-Mines,71300,16946,46.68167,4.36472,318,362
Montcenis,71710,1864,46.78861,4.38778,400,363
Montchanin,71210,4982,46.74778,4.46861,330,364
Montpont-en-Bresse,71470,1087,46.55556,5.16444,190,365
la Motte-Saint-Jean,71160,1186,46.49722,3.96333,290,366
Oslon,71380,1221,46.78361,4.92111,188,367
Ouroux-sur-Saône,71370,3183,46.72055,4.95222,190,368
Palinges,71430,1413,46.55305,4.21972,274,369
Paray-le-Monial,71600,9256,46.4525,4.12056,244,370
Perrecy-les-Forges,71420,1546,46.61333,4.21639,289,371
Pierre-de-Bresse,71270,1945,46.8825,5.25833,197,372
Prissé,71960,1865,46.32056,4.74472,210,373
la Roche-Vineuse,71960,1571,46.34333,4.72778,300,374
Romanèche-Thorins,71570,2002,46.19083,4.73667,200,375
Romenay,71470,1740,46.50139,5.06639,210,376
Rully,71150,1581,46.87333,4.74167,240,377
Sagy,71580,1250,46.60028,5.31028,201,378
Saint-Berain-sous-Sanvignes,71300,1106,46.70694,4.295,320,379
Saint-Christophe-en-Bresse,71370,1054,46.75278,4.98778,190,380
Saint-Eusèbe,71210,1175,46.71278,4.46278,340,381
Saint-Gengoux-le-National,71460,1047,46.61194,4.66167,248,382
Saint-Germain-du-Bois,71330,1947,46.75195,5.24306,210,383
Saint-Germain-du-Plain,71370,2346,46.70278,4.98167,190,384
Saint-Léger-sur-Dheune,71510,1554,46.845,4.63694,240,385
Saint-Loup-de-Varennes,71240,1249,46.72611,4.86361,189,386
Saint-Loup-Géanges,71350,1643,46.94639,4.90944,185,387
Saint-Marcel,71380,6211,46.77555,4.89611,177,388
Saint-Martin-Belle-Roche,71118,1388,46.38194,4.85639,210,389
Saint-Martin-en-Bresse,71620,1902,46.81722,5.06083,185,390
Saint-Rémy,71100,6476,46.76972,4.83639,180,391
Saint-Sernin-du-Bois,71200,1729,46.84083,4.43361,447,392
Saint-Symphorien-d'Ancelles,71570,1128,46.19778,4.76972,189,393
Saint-Usuge,71500,1221,46.67667,5.25083,200,394
Saint-Vallier,71230,8508,46.64222,4.36889,330,395
Saint-Yan,71600,1132,46.41056,4.03806,240,396
Sancé,71000,2158,46.34111,4.83167,200,397
Sanvignes-les-Mines,71410,4265,46.66722,4.29222,350,398
Sassenay,71530,1601,46.83083,4.92389,180,399
Savigny-en-Revermont,71580,1141,46.63445,5.41944,216,400
Sennecey-le-Grand,71240,2911,46.63917,4.87028,210,401
Senozan,71260,1132,46.39778,4.86222,205,402
Sevrey,71100,1208,46.73778,4.84139,195,403
Simandre,71290,1744,46.6225,4.9875,200,404
Simard,71330,1175,46.72,5.18028,205,405
Sornay,71500,1958,46.62972,5.18222,179,406
Torcy,71210,2805,46.77056,4.45583,310,407
Toulon-sur-Arroux,71320,1447,46.69361,4.14028,260,408
Tournus,71700,5702,46.56083,4.91111,180,409
Tramayes,71520,1067,46.30806,4.59972,480,410
Varennes-le-Grand,71240,2287,46.71111,4.87778,187,411
Varennes-Saint-Sauveur,71480,1116,46.48111,5.24389,208,412
Verdun-Ciel,71350,1838,46.895,5.02417,176,413
Viré,71260,1218,46.44833,4.84417,230,414
Virey-le-Grand,71530,1393,46.84333,4.86639,188,415
Vitry-en-Charollais,71600,1082,46.45417,4.05972,260,416
Appoigny,89380,3133,47.87667,3.52556,96,417
Auxerre [3],89000,35236,47.79833,3.57139,120,418
Avallon,89200,6346,47.48889,3.91028,220,419
Bléneau,89220,1146,47.69861,2.94917,160,420
Brienon-sur-Armançon,89210,3060,47.99278,3.61722,100,421
Cerisiers,89320,1002,48.13055,3.4875,150,422
Cézy,89410,1081,47.99222,3.34139,76,423
Chablis,89800,2151,47.815,3.79833,140,424
Champigny,89340,2127,48.31805,3.1275,80,425
Champs-sur-Yonne,89290,1534,47.73778,3.59944,105,426
Charbuy,89113,1870,47.82278,3.46583,160,427
Charmoy,89400,1108,47.94167,3.49111,100,428
Charny-Orée-de-Puisaye,89120,4854,47.88611,3.09556,135,429
Cheny,89400,2231,47.95278,3.53556,90,430
Chéroy,89690,1763,48.20167,2.99944,150,431
Chevannes,89240,2145,47.75195,3.49444,170,432
Courlon-sur-Yonne,89140,1191,48.33778,3.16583,70,433
Deux Rivières,89460,1272,47.68306,3.69306,120,434
Diges,89240,1059,47.72806,3.39806,220,435
Égriselles-le-Bocage,89500,1387,48.11917,3.18139,180,436
Fleury-la-Vallée,89113,1019,47.8675,3.44917,140,437
Gron,89100,1260,48.16028,3.26333,90,438
Gurgy,89250,1724,47.86611,3.56222,90,439
Héry,89550,1789,47.90167,3.62667,110,440
Joigny,89300,9055,47.98306,3.3975,100,441
Joux-la-Ville,89440,1164,47.62278,3.86222,230,442
Laroche-Saint-Cydroine,89400,1209,47.96556,3.485,90,443
Ligny-le-Châtel,89144,1211,47.90028,3.75806,130,444
Lindry,89240,1334,47.80056,3.41889,190,445
Maillot,89100,1271,48.17583,3.30806,80,446
Malay-le-Grand,89100,1635,48.175,3.34222,80,447
Michery,89140,1080,48.31,3.23639,80,448
Migennes,89400,6878,47.96611,3.51333,100,449
Monéteau,89470,4113,47.84972,3.57861,95,450
Montholon,89110,2730,47.87472,3.35111,120,451
Nailly,89100,1329,48.22333,3.22194,100,452
Paron,89100,4855,48.17778,3.25028,80,453
Perrigny,89000,1254,47.81972,3.53639,130,454
Pont-sur-Yonne,89140,3357,48.2875,3.20861,80,455
Pourrain,89240,1284,47.75639,3.41222,265,456
Rosoy,89100,1077,48.15223,3.30946,0,457
Saint-Bris-le-Vineux,89530,1024,47.74306,3.65306,170,458
Saint-Clément,89100,2813,48.21667,3.28806,70,459
Saint-Fargeau,89170,1466,47.64083,3.07056,200,460
Saint-Florentin,89600,4230,48.00111,3.72694,120,461
Saint-Georges-sur-Baulche,89000,3176,47.80611,3.53389,160,462
Saint-Julien-du-Sault,89330,2202,48.03028,3.29583,90,463
Saint-Martin-du-Tertre,89100,1553,48.21333,3.26,80,464
Saint-Valérien,89150,1806,48.17861,3.09528,165,465
Seignelay,89250,1460,47.90306,3.60028,120,466
Sens,89100,27275,48.19722,3.28583,70,467
Sergines,89140,1235,48.34222,3.26278,120,468
Soucy,89100,1546,48.24944,3.32472,100,469
Thorigny-sur-Oreuse,89260,1396,48.29333,3.40167,105,470
Tonnerre,89700,4268,47.85444,3.97583,150,471
Toucy,89130,2562,47.735,3.29444,190,472
Treigny-Perreuse-Sainte-Colombe,89520,1076,47.55083,3.18417,240,473
Les Vallées-de-la-Vanne,89320,1012,48.16667,3.42639,100,474
Valravillon,89113,1777,47.89222,3.43972,112,475
Venoy,89290,1747,47.80639,3.63861,210,476
Vergigny,89600,1501,47.97111,3.71833,100,477
Vermenton,89270,1273,47.66444,3.73472,131,478
Véron,89510,1853,48.12861,3.30889,79,479
Villeblevin,89340,1813,48.32333,3.08333,80,480
Villefargeau,89240,1101,47.78167,3.505,130,481
Villeneuve-l'Archevêque,89190,1111,48.23389,3.5575,110,482
Villeneuve-la-Guyard,89340,3470,48.34,3.06472,70,483
Villeneuve-sur-Yonne,89500,5130,48.08028,3.29778,80,484
Vinneuf,89140,1559,48.34972,3.13639,90,485
Andelnans,90400,1123,47.60278,6.86472,350,486
Bavilliers,90800,4641,47.61972,6.83222,356,487
Beaucourt,90500,4985,47.48972,6.92806,440,488
Belfort [3],90000,45646,47.64222,6.85583,361,489
Bessoncourt,90160,1304,47.64528,6.93389,355,490
Bourogne,90140,1737,47.56222,6.91972,343,491
Châtenois-les-Forges,90700,2637,47.55861,6.85,340,492
Chaux,90330,1181,47.71167,6.835,420,493
Chèvremont,90340,1566,47.62833,6.92389,350,494
Cravanche,90300,1935,47.65306,6.83028,389,495
Danjoutin,90400,3531,47.61611,6.86444,356,496
Delle,90100,5677,47.50833,6.99778,380,497
Essert,90850,3382,47.63389,6.81556,360,498
Étueffont,90170,1395,47.72222,6.92028,450,499
Évette-Salbert,90350,2022,47.67722,6.80083,400,500
Giromagny,90200,2897,47.74667,6.82139,488,501
Grandvillars,90600,2963,47.53917,6.97611,354,502
Joncherey,90100,1439,47.52528,7.0025,367,503
Lepuix,90200,1113,47.75917,6.8175,514,504
Meroux-Moval,90400,1420,47.59583,6.89639,360,505
Méziré,90120,1268,47.535,6.91944,342,506
Montreux-Château,90130,1167,47.60917,7.00389,352,507
Morvillars,90120,1098,47.54667,6.93417,350,508
Offemont,90300,4054,47.66444,6.87889,370,509
Pérouse,90160,1199,47.63694,6.89306,375,510
Roppe,90380,1042,47.66945,6.91889,360,511
Rougemont-le-Château,90110,1481,47.73556,6.96694,450,512
Trévenans,90400,1290,47.57083,6.86333,340,513
Valdoie,90300,5193,47.66722,6.8425,375,514
Vézelois,90400,1026,47.60889,6.91472,366,515
